user_pseudo_id,usage_date,daily_minutes_used
4f4d458073d61f0b96336002801fac8e,2026-09-10,613.09476666666671
9688b8d9abf91c96a719032ea33147c5,2026-09-10,470.86826666666667
6c842e88ec312ca149a1ccee3d99bf3b,2026-09-10,395.31953333333331
0f8f5f462f28bce4de7387e1d530f2fc,2026-09-10,392.68926666666664
6ece9e0e5d44b1bc06a7f90828439d16,2026-09-10,384.05616666666668
382b4e7bade4554d0c4b94780309a770,2026-09-10,382.42283333333336
89f3bd9914ec491f90aec284ff6ec491,2026-09-10,374.36528333333331
d038f4b23312a48a39f2e649f9e82978,2026-09-10,372.76811666666669
f39c5cd175d22089b2d793dbcbd708e8,2026-09-10,371.49701666666664
09ae07a95d44f9894198a20ff8247fcc,2026-09-10,370.39581666666669
be728eb153df16700e0b49d864d15724,2026-09-10,362.43928333333332
30ef3461bd6fabba14373b5d826951a2,2026-09-10,355.03265
6daa2223f2b53cbaaad38ae8812635ad,2026-09-10,345.53645
a04ab8381ff41c96039c9255651c2374,2026-09-10,343.93231666666668
89c07e43c963e2d654fc0829b01dc224,2026-09-10,341.46996666666666
320a67caa445cb70c28f84b5a552ffe0,2026-09-10,334.9372
341db076b4cc9bb40924cf6df1446775,2026-09-10,331.48375
708795d0943547eb1f15267775da6629,2026-09-10,329.5675
2a05e95ce173f9f4de8b16f60997f5c7,2026-09-10,327.80341666666669
7ba38b077d423a9e3100b632302e0a57,2026-09-10,324.17331666666666
eb07213327d21b854f787876e491d7e4,2026-09-10,317.38228333333331
e25b93f56f64f41aec9e5b0b881166e9,2026-09-10,306.50555
1603059dfa4b4da59e7b0fe73f7fef9f,2026-09-10,306.09836666666666
7ba872fd6eb18c17d13dfa36b47108d2,2026-09-10,301.48196666666666
c9fd9ee174cc5a54918bf5f5cc908a40,2026-09-10,290.10858333333334
ff070351b90c6315e140c546b1f885f0,2026-09-10,289.2054
bc30e1e05fa2ff5454fed4c31bde6870,2026-09-10,287.00728333333331
f994f28a1be9e99fc232bc0333a9af6f,2026-09-10,281.89603333333332
31008425962ef0ed052327f5c5f5d6f5,2026-09-10,281.53593333333333
e71b74bcf7162a8be7c459ff9786dbe4,2026-09-10,279.18511666666666
b590950d0f4523806127d2f7fa02ab35,2026-09-10,274.06938333333335
5342eb901cf92098e7863f667972462b,2026-09-10,270.36048333333332
1f3745148e28a8d1e99ef420c86efbd0,2026-09-10,269.08021666666667
1b89debb2fe0060311bbdc66c5ea0f54,2026-09-10,267.10758333333331
d89f0d66ce11deb18139ce1c2efb7c9c,2026-09-10,265.61335
f95c691b7af4f810a5e619112241f175,2026-09-10,265.01696666666669
f8bab5d666254f573de7ffa0e50a3eb6,2026-09-10,263.55766666666665
d91a9fb121421a38934297580987046f,2026-09-10,260.93613333333332
0a9c4f321cb34bbb78b7104dd8207f4c,2026-09-10,260.80005
bc992f04b0a84dec4203c69aa6bacdbb,2026-09-10,256.52918333333332
c50b0bee8cbe6a7e8a5ec12530fa0fe2,2026-09-10,256.18768333333333
6d2595d94b042979c780d4ac67c0994c,2026-09-10,256.05081666666666
dfb498f91d7103c9ec0f7d112f8fdd85,2026-09-10,255.06268333333333
4647978cf8d576bac133e09bc3026d6f,2026-09-10,251.87401666666668
312e28d6f8aecc155fa195d5732a57f9,2026-09-10,250.93638333333334
f17f3fe46142ed289770325b41530714,2026-09-10,249.0908
9f5a4f57f0c42a6df91aa96f7782e872,2026-09-10,248.83911666666665
d561060b749fc9299be1c2764f579b5c,2026-09-10,246.70548333333332
8d55aecd4f6dec7e87f2eab9df8e12f8,2026-09-10,245.45501666666667
f529f7a28e026958478637352564cfa3,2026-09-10,242.86765
71510cb622048e6d335bee84e2f05550,2026-09-10,242.17616666666666
2f0e23116fda624b325675c39142112d,2026-09-10,242.13635
3134e3417b53a6f75f5a114d0e0864a3,2026-09-10,239.99568333333335
4fd56ecb1d9d83582c8239f50cdf1817,2026-09-10,239.47116666666668
ed8955c46ad20ffedba1b843fa400bc7,2026-09-10,236.95003333333332
a1db26a5ba0be67052413921155650b2,2026-09-10,234.48676666666665
a684d080ddfa4f41d93f739292162dfc,2026-09-10,230.08545
974698164d493ac3fdc6a94a5d365dde,2026-09-10,229.63221666666666
2a8297d207ce9a2cc61b610ac263f180,2026-09-10,227.59368333333333
47352badac235491212d27311c712c90,2026-09-10,227.43913333333333
cefb1674ddea87734e40a6a6f5c045b7,2026-09-10,226.5902
23d822c6550c0d2d1c6395a7c3785eb5,2026-09-10,225.92358333333334
8c9103b495875b6d79e20b527b28e78a,2026-09-10,225.41771666666668
7a71f46f56b5b86d34fa626809ab0a88,2026-09-10,223.30181666666667
6dd718da1588498d26b0c12b105ab163,2026-09-10,222.3489
d100534aa3b5dcede1761994a2fadc09,2026-09-10,222.08175
163399ba8f190c08b47a59010f5b6f86,2026-09-10,221.8303
cb4ffc76bf9e3261d22046942636f94e,2026-09-10,220.87551666666667
dfc1451fc4326bfa7f9b62ff56d8a51b,2026-09-10,218.96316666666667
fe9df40ce0af12a67b8bc5f32c46f212,2026-09-10,218.42425
7c90f9bc60f368155c6c8ec6beaf6146,2026-09-10,218.3277
cfb60df573397cff1a6b6ee92fe916b7,2026-09-10,217.33373333333333
e62d66527c44154f1099c37f57eb16a0,2026-09-10,213.69545
bb61911c5fc93f020c0f78aa0ccea99e,2026-09-10,213.5146
fed332305284fa415d0fe75d37892e27,2026-09-10,211.66293333333334
981c48818d9a6876f0bcd085fc015f0d,2026-09-10,208.32638333333333
3998905275e85390e85768cf68f299af,2026-09-10,208.28356666666667
7e20916ae5c8c67bba4107ccadae51cf,2026-09-10,208.26121666666666
d29119849b93e8f1543237332e930cbb,2026-09-10,207.978
d5870b0cc0af33483021b3a20b41b64c,2026-09-10,207.71851666666666
04e7a52cc5d46c0f9f967758723ed99a,2026-09-10,206.53323333333333
c6fab54fd8a8891c76f5e53a1d7df829,2026-09-10,205.8445
9d5c6958d6e0ecf37ddfb9e5317d23c2,2026-09-10,205.02426666666668
639989f4f613c25da9986b43bcaa1831,2026-09-10,204.18778333333333
388b87aaa9a303fa9f1f9c8c3d7db298,2026-09-10,204.0642
2a698cd017906c349cd8e0fc68ec43c0,2026-09-10,203.70253333333332
d66d6c5260c87fb3202566d3254d1bfc,2026-09-10,202.72523333333334
ccc32c52ee8eea3dfe4f1dcde6d88aed,2026-09-10,202.58453333333333
654fae5963984b76d5de856578084729,2026-09-10,202.41405
2fcf7f159580842610834e156a2e4a8b,2026-09-10,201.90628333333333
b5440a46aa2bbed5a060868ca5619a4e,2026-09-10,201.68228333333334
25033a1a31921102183d4e2128ae67e4,2026-09-10,201.19571666666667
19482b56b2834e270d45e709aa6a3a00,2026-09-10,200.71736666666666
581bda54d3cdc12104a8185bed705bb6,2026-09-10,199.63533333333334
17ba7896eecd0c3dcafbf0ff10b86c6d,2026-09-10,199.60476666666668
733e8321d24a42f88f6abbe8402716e1,2026-09-10,199.52403333333334
9973147ac2dff9299c19a2dc2dfcdb79,2026-09-10,197.93581666666665
5912eec55597226babbf7ddc7e18b8eb,2026-09-10,197.20785
2cb21b0ffc9ef9e3854b99845935393b,2026-09-10,196.67273333333333
643f5409f376c3f4c863fbf21fe504c9,2026-09-10,195.87026666666668
2930657523c91d637c31417157f7da2a,2026-09-10,195.3413
85ad7affe339e19c23597ccca6466017,2026-09-10,194.94188333333332
74805f1f5d1926e1f647e6572ab8f8d1,2026-09-10,194.45223333333334
c2dfd61b281e3a4b0670ba4704e68338,2026-09-10,193.20428333333334
4042aba4c435958c51f34c69475d69b0,2026-09-10,192.35985
a014191e935717be43cfb32091eb8c60,2026-09-10,192.33796666666666
c4394607834f1324173ee22e61f83d97,2026-09-10,190.70636666666667
7ed309ecd8dd771e7007d87cd43e39ab,2026-09-10,190.17696666666666
2541abebd9850349f1c92c6b62d29825,2026-09-10,190.17346666666666
16e0ad81952a107178d1143ae2a13330,2026-09-10,188.34121666666667
6321dd2024ee5e62d2c18cbbcb7032d3,2026-09-10,187.19866666666667
3dab0c48d9d8dd71e9f5e13bbab6ae49,2026-09-10,186.50885
f88ba8a6e9121a931497acca69d871ed,2026-09-10,186.39226666666667
bcbb0dfa44ec9084d65004e2724eac45,2026-09-10,185.78946666666667
056ce8cb3928380108e29b0adc610ca2,2026-09-10,185.35411666666667
1df2b438b21aa3da72a71da77552d510,2026-09-10,184.97888333333333
57040e7152d4f965df3228221f64defc,2026-09-10,184.36885
36999612a32c571a354202009e6791e9,2026-09-10,184.29256666666666
6215cbbd796744c56602bf941994ca21,2026-09-10,184.00051666666667
be033847571ed8b67d3324e67c26cbc9,2026-09-10,183.70795
1373a41573f78374c0f0615f5e8d2baf,2026-09-10,183.52665
8d98c70a4edd55828dfa1fc52fa3ed8a,2026-09-10,182.08865
d73244d71604097cb5564b9e6db8b1aa,2026-09-10,181.77201666666667
7ac0b6fb04642cd082097340b2a3653e,2026-09-10,181.0887
6d6ee17d00ed607c43d9a6b0f292a165,2026-09-10,181.03775
125781f02643fba522e5a08fec711639,2026-09-10,180.93748333333335
8ab4a3928101226e49cb168e07135f30,2026-09-10,180.00306666666665
c1c8011499404048d2c4a0ecdcb16364,2026-09-10,179.89093333333332
7ebdf219c36e18210d31ac078e997b74,2026-09-10,179.80035
19ff9210d14531c940bf3798be5058d4,2026-09-10,179.26295
fcd9a0303e031b44deeff19b75e0b588,2026-09-10,178.74323333333334
93a984d0a8f1411a918ebf5c37650a3a,2026-09-10,178.12558333333334
f88e3a5f93ec36f70957be199131b540,2026-09-10,178.09095
0c9649837bb572d2e248405cc891f759,2026-09-10,177.93145
c2d1d00d6cab5691efd953d16fd448d2,2026-09-10,177.8566
d52f5be5ab8fa46f8534a793a24d1a91,2026-09-10,177.84436666666667
7b675e12ed8ac0e1a20249b50c603f39,2026-09-10,177.1763
7f482c205cb829af2e8ff82ca8f60ea2,2026-09-10,176.97496666666666
3f03dbc18cfda6b0a694732c518b4bce,2026-09-10,176.68961666666667
3b793b5bfea6f4f45909a89b9106d395,2026-09-10,174.81348333333332
5c14c626d80438370f94abbd304f2581,2026-09-10,174.66168333333334
0d404eeb04e7488ac6853d596573cffb,2026-09-10,174.65046666666666
e9f179f6dc8a682bb2a4fed17149b3ee,2026-09-10,174.61813333333333
8f49945fbbb2a5c987f917c02f3f2317,2026-09-10,173.46923333333334
94f74be9b19500678e8eb6be9bbab797,2026-09-10,172.95233333333334
1f5374d22204d69d9b70859e1d42dfef,2026-09-10,172.89336666666668
f18755af758ceb5b677eaaf4bbf36695,2026-09-10,172.11613333333332
c29b48dcc26cb4be2265e7292b6904e9,2026-09-10,171.83643333333333
7100127aeaf086c738c9c96851b1e12e,2026-09-10,171.64655
4d12aaac5409439dfa6d1d47f637a43b,2026-09-10,170.10975
aacea10be756c7028834e11c570e73fe,2026-09-10,170.06458333333333
eb8f3a902a885a2f7658bf18911e9236,2026-09-10,169.0341
15823ccdb197e11b6cb464d5ccf72770,2026-09-10,168.01335
c8c531f6d92398cba468d230cfc52533,2026-09-10,167.89651666666666
746fd0859a2de7c62752261340fb7497,2026-09-10,166.92201666666668
c98d7511803b8d9fd972cea6af745dcc,2026-09-10,166.08961666666667
150442d9371f52283abe1c5e600c1d98,2026-09-10,165.7152
8225478145630ab213780af59457174c,2026-09-10,164.91118333333333
2cbcf2a2ad4a43e8a8d1da96eb14b239,2026-09-10,164.65683333333334
b40f7baf1db3e2cf33570010842120ed,2026-09-10,164.56596666666667
cf7e662099954f975b585457f66ce053,2026-09-10,163.71976666666666
33d6c92a8621431c49068602f76756e9,2026-09-10,162.80945
abac7acb47172237cf48d6c9a6f25f9f,2026-09-10,162.10935
3a8be5a349f3cbebd17623b2180723ab,2026-09-10,161.68425
794272c7bd710ed513fbf9b6d7ca87a8,2026-09-10,161.6596
87fe0cece84f441f8b0ab5506ade8a39,2026-09-10,161.59821666666667
44160aebc06a53239d36c7052f784ab0,2026-09-10,161.04568333333333
92df6fd7b88ca16a779a71f6d25ee271,2026-09-10,159.33866666666665
1eb5a3542d502f6bfb5ca4ce11c39796,2026-09-10,158.40831666666668
df69c8240b3f76ca442ead1965dfca50,2026-09-10,157.92508333333333
2862145b3b8d969d00cb4d4f97e3a54b,2026-09-10,156.75403333333333
37338503f994a90db1f619f7e98625e3,2026-09-10,155.02001666666666
de95b41b2d644901773ef14b05afa3af,2026-09-10,153.66245
b38a89e1c76a08686903eaa24de0c663,2026-09-10,153.16768333333334
0ca8d9552c9211f1a68475b1eac83131,2026-09-10,153.146
8274f5d8fc813d2468c40b0ff8448342,2026-09-10,152.99606666666668
bc50645096dbb4512442076ba4f59708,2026-09-10,152.7267
e238eeefa8b28dba6b98ffea2738da3a,2026-09-10,152.64598333333333
dda60dd137204eb0e26b067a8b5f2839,2026-09-10,152.54686666666666
9f436842b0caf305b6daa804731e9c32,2026-09-10,152.26041666666666
3332cfd46af755e0bfa5f1ea52d55e72,2026-09-10,152.18461666666667
acf1a10f193ed3e61a70a834d1d386b3,2026-09-10,151.77231666666665
2bed0c1901c0179250c33bb07ef10b25,2026-09-10,151.37466666666666
d0fb8e828add597c4cd231013da6ae53,2026-09-10,151.05255
1c25239b54372e2b597e0981227a1805,2026-09-10,150.87745
13a18e55c412455a3980fea7ab6ff02c,2026-09-10,149.55196666666666
e27586ff256493000e59fabb69214e27,2026-09-10,149.40498333333332
db5ffb24c56640cee813a2a85c0138d8,2026-09-10,148.9362
43e441a37467006e1c31698fb9149194,2026-09-10,148.85466666666667
de13b84a16fae7a3ba3052e671a5a009,2026-09-10,147.76951666666668
57c1eee44c55b13cd8e435cb17da1483,2026-09-10,147.19436666666667
de79694feda5ded110bb6fe2901b2b82,2026-09-10,146.93708333333333
2341dbb105cc4346ba9ab42459a8a11c,2026-09-10,146.371
3d599af5dde484a018c528dfcabbd18c,2026-09-10,146.17593333333335
484ca34c371bf5abf9677110fecf9620,2026-09-10,145.72978333333333
a3c156016331d55409d429df36b12d04,2026-09-10,145.41056666666665
cfc3ccf24009e20ce3f9e94de28b38a7,2026-09-10,144.66546666666667
71338843c6753d3a1707f45515dd6a8e,2026-09-10,144.386
2c4d2065a8be3223fd2d6671ffcad593,2026-09-10,143.9698
4830ffe6af905928150517d3da98929b,2026-09-10,143.26376666666667
46ed4248ffd507293d6d94d7d99e715e,2026-09-10,142.69613333333334
fd25ab9114a788f212421f8c04c34e52,2026-09-10,142.41193333333334
1d20a8bae8837fc9f47d8d530738f567,2026-09-10,141.45791666666668
1280f901a3c00b04286912574882569b,2026-09-10,140.81956666666667
3ce888d01b8dfb1b474212b9be604b3a,2026-09-10,139.74531666666667
e5d1030cea52c2540578716fcb848c32,2026-09-10,138.5581
09d2bc00ea176f7daf72ef025dcac362,2026-09-10,138.05915
99509f48ebc2a7f9221885926dc63517,2026-09-10,138.03998333333334
465c0aca8681327329e8411faa9a781c,2026-09-10,137.6283
aafce01472224ccfaa974ff3c04c2ee6,2026-09-10,136.10163333333333
ba45a5af914ac103355b14906a2f67f5,2026-09-10,136.06853333333333
f14e9534b2aff8b779c7e70f550f440a,2026-09-10,135.94773333333333
fb727e88f6a324e8bb8ed271d4551727,2026-09-10,135.82
ada00a86f56e04e84d5b5b142a2a555b,2026-09-10,135.65633333333332
a18e2729b291dab8c3cf86de5cfe68e7,2026-09-10,135.38178333333335
0ffe34fb7715d3eac948d7f184fa5e9e,2026-09-10,135.36155
773efde19effff094b79f68ae2d46afa,2026-09-10,134.55486666666667
1f80e88a4f8605ca72900eb1767cc9cb,2026-09-10,133.65458333333333
1f049a8ef6859ccc841bc63220dc9da3,2026-09-10,130.78265
10245022761283b722383e8611d34fbe,2026-09-10,130.15418333333332
bbe214a7343a8a759c45921ffb2c3316,2026-09-10,128.73235
e0bfb92debf172e626be6ae939496dba,2026-09-10,128.71246666666667
3d636f1717b5c8798c8152a5d9999b18,2026-09-10,128.55471666666668
66c60f676f018d42b11fadcd720bfe48,2026-09-10,128.33788333333334
537739c9d98f714592c61b601e333ecf,2026-09-10,128.33028333333334
ed3d0a013c6a11748a6f215ae27d8767,2026-09-10,127.4595
b65084b873f345ed2e2c3806202ccb9e,2026-09-10,127.29015
2224645547747f84ed9e27c2a2c12efe,2026-09-10,125.71365
a9a9a34d5c97b13ac968389bb5a5c70e,2026-09-10,125.38525
802e6d5454a9eaadc9e3c50f5f492939,2026-09-10,125.33721666666666
d5b404abe2e511b24ad83df56a9f2db1,2026-09-10,124.8302
849fa2abb29f1dc0db768e02ba5a400b,2026-09-10,124.34276666666666
943e943aa2a1499832a2ca47961a0b74,2026-09-10,124.04835
e0246b474a2bf340da8543a66c55d01f,2026-09-10,123.79618333333333
d4a5988842c756ddc4b2845880ce65a6,2026-09-10,123.54796666666667
47517cd3c1e60f05c195c1e2cec835c0,2026-09-10,123.47201666666666
aa3fa0fb2054155660264b81fb416126,2026-09-10,123.30526666666667
4b7535685a2c6c14e53069b48276f815,2026-09-10,122.94076666666666
9051f6dda4a263911a40ad69d354811e,2026-09-10,122.7945
f5b5bc669d6f8481f2e4995bbf165027,2026-09-10,122.49548333333334
7a82776c63988e15f74062a7294b8062,2026-09-10,122.29593333333334
9c897cb6ba990d88b34b075a0a0cf3e8,2026-09-10,121.96265
aa848af0cdc070f5652ef1dd52b32913,2026-09-10,121.71781666666666
31da3154bcd5c25e7ea92b2ae1f44ba3,2026-09-10,121.44973333333333
6f86463fd337dbc33b1859014f831ead,2026-09-10,121.39045
6baa47b9e316e445a055a8bcacbef7a5,2026-09-10,121.2863
7146d946a105863a531fab27f246aff2,2026-09-10,120.7549
8b9ed8b9f8446bea3fa453430ca9bb99,2026-09-10,119.48606666666667
4c174efb81f8bec267a360b21979adf0,2026-09-10,118.93523333333333
be0e78a4a7c59f401b781a0c733a2bac,2026-09-10,118.11831666666667
c64d79c69aed8e2eeb4bd420cbc36208,2026-09-10,117.25136666666667
1ba201c0e6313815178b1df413a3b080,2026-09-10,117.19681666666666
687d60079d0a43ef7f8aa6cdfe71d6a6,2026-09-10,115.87151666666666
cac4994b9c5821a5a54a2146bdfc7a8c,2026-09-10,115.84803333333333
87f1a70352e7587f4e4d7005858a7ca4,2026-09-10,115.52583333333334
197bf94c1f410d2496c72c9de7b329a2,2026-09-10,115.32251666666667
d8a355c0f3caafce993d1298f99e1b12,2026-09-10,114.7637
6448b005a8ada25a40f4c0205a1f8f33,2026-09-10,113.97643333333333
a812467978adbe781e2d65660b00e444,2026-09-10,113.90818333333333
a6842fe4656faa1d895ad5b11fad82ec,2026-09-10,113.67588333333333
43433139ca891598eb6283e131470f03,2026-09-10,112.16691666666667
eb6a265b79dda630df29bd132ee11f60,2026-09-10,111.85285
79be8f58ec5e196a1fd2c3d0dc7cb4a9,2026-09-10,110.95286666666667
901a1b2e0ef485035fa43b7575251754,2026-09-10,110.50476666666667
b84164680942fd6b1832bedb29fa2a47,2026-09-10,110.02495
3ea220827eaee113c3b69a3676fc54d1,2026-09-10,109.90626666666667
352bb43d7faf55bde206f39bc6247700,2026-09-10,108.97658333333334
c5cdfc74cea5dc75380f6738927fd53a,2026-09-10,108.96993333333333
e37015acb88aafcae34572c9e4f8dbfb,2026-09-10,108.14508333333333
cfaa89d9d1c831bba03e55864325c7c7,2026-09-10,108.12043333333334
8d451fe33afafb0d5c6a6676093f6f4a,2026-09-10,107.96371666666667
d53a64105140be26fa666407e0e206f2,2026-09-10,107.67023333333333
1d47be2b20876cc54cdaed0c3bc7d8ec,2026-09-10,107.3261
ab2d5fe3abb1f484ae839e8a2283d49c,2026-09-10,106.79683333333334
72cd5fdad53cca5da3bd812f06ddae11,2026-09-10,106.37548333333334
3258af1f50d9d31d0c1fc389164c755d,2026-09-10,105.49646666666666
36bbcaa53fd73973f3cbb99eb2e0cd8e,2026-09-10,104.83543333333333
f49176bfb5128da2bc196f04232c6f90,2026-09-10,104.78213333333333
789e27f771bef27ff6d1ad047080bb05,2026-09-10,104.6487
745f5ac9bd3433aa2988490b94a40b0a,2026-09-10,104.53428333333333
869ad9f77342416778807f025738621e,2026-09-10,104.20348333333334
c63b88560bd2056a22d08d8b45b3fde6,2026-09-10,103.65635
f607f5aed2e72d9c244542410e4b64c0,2026-09-10,103.55638333333333
664c79257e4e8fea7b247d850eb676a5,2026-09-10,103.15485
80591f208a7f87cfe654629c512fbe38,2026-09-10,102.57628333333334
33a6aa68514abf3bce694b06083e241e,2026-09-10,102.14501666666666
c935a7d125b76fe56802d94bbcebeaa1,2026-09-10,102.00331666666666
cc8455bdf3db08ae7e8ce3ad6b922938,2026-09-10,101.2842
70a01517e680616ecadd2d835d8bdbaf,2026-09-10,101.05491666666667
4947f59996c9eb94c3ef31a6c1ec46b7,2026-09-10,100.78316666666667
ccc1b245eaf0bcc3a0b07602ea31304b,2026-09-10,99.5935
bb4788494d88869c0e1f6f92793d2c1d,2026-09-10,99.2096
5b198ea3d2e6f047b3a7352d733ce758,2026-09-10,99.137166666666673
70a2976d4ecf2a084ecfc11d29e47aa0,2026-09-10,99.08885
0840247484cd232d9d1bb223b7b4249d,2026-09-10,98.981133333333332
35c82e2a4d4897057b58fa0649e4a094,2026-09-10,98.046116666666663
0c91055b2ae0e553c3fe8e42cf794e38,2026-09-10,97.429233333333329
cf0438a859ac5f25af83943ee0bb9141,2026-09-10,97.281483333333327
e11c884e870d4c20c5a68a9261f69391,2026-09-10,97.213783333333339
e0c8ce853f8224f66c927d3f4c1e72f6,2026-09-10,96.9745
327c84163cb3d20c6463e5684777dc6b,2026-09-10,96.76518333333334
ebe3226a91a273c12bfe796f99e72cae,2026-09-10,96.76121666666667
bbc4338a64aec8480636f8a001b3b205,2026-09-10,95.010433333333339
404f15a7aa575884f74436f3c99410f6,2026-09-10,94.91635
81b2673b0e6ca7ac6f020fcf2afe9331,2026-09-10,94.524633333333327
a098c340e28cabf781a6c8dd68893125,2026-09-10,93.9096
66e0c1c2caa6d4a659c2303f10a06999,2026-09-10,93.893416666666667
23728b88cd359ac5ee39a4a9d2662a47,2026-09-10,93.263866666666672
b48f6cc116c8c8f9287a330a47a4d903,2026-09-10,92.501066666666674
efc5114a82d5acfc0691e777968ec45c,2026-09-10,92.37
39801e10e6a1ccaf3692297d855b4002,2026-09-10,91.8875
d7a1c73c9fe29760229d859762165902,2026-09-10,91.85065
d02e8a2d43b670940ad01390ab74bc0e,2026-09-10,91.78915
23a8845d5e8931cc5ee223601c4a71f2,2026-09-10,91.729816666666665
b54fb623874fbff7ad760d3f73db5bf4,2026-09-10,91.4164
d6579befefe2b783375400f8e0c36543,2026-09-10,91.348066666666668
f5bffa8fa85ad3fa917751d03291df3a,2026-09-10,91.194766666666666
c69535a4520cea16375712c7a06edb29,2026-09-10,91.17855
a770acdbf73e2a088e750cd9de0507b1,2026-09-10,91.170983333333339
c58125d2fe79c4a44add261b097a8862,2026-09-10,91.109533333333331
c1327916b2bdfab3ff637fc609381816,2026-09-10,90.92616666666666
e1c49071bb3296c215b2f9dd8d27e508,2026-09-10,90.6795
0579b2e95b37f03cc1baa07babf5cd2f,2026-09-10,90.626716666666667
30b3c9d9950ca92240a2995bed389512,2026-09-10,90.546616666666665
3510e894871585c6d035f3018a6d2581,2026-09-10,90.461983333333336
e6980d8e5ef837b11cfd5d20095c9c2b,2026-09-10,90.228983333333332
643c5df18b241984b330e877936a7643,2026-09-10,90.165383333333338
c394b100620e25e08c8db24f64d68c96,2026-09-10,90.148233333333337
851d582dad4ee6b2683b0afe1102b0cc,2026-09-10,89.349516666666673
fd49e1fa304cabbd2be100f22dc57d74,2026-09-10,88.84745
cfbd052c3454165a1406a0e92999be90,2026-09-10,88.37635
695a4e5bbd56dd89e9b7d7765fb4c7fc,2026-09-10,88.004683333333332
87ac92a7e60e49d723e3ed37d09225e3,2026-09-10,87.754333333333335
0fe73e0c23433f5c4a94a8a4da72d3ce,2026-09-10,87.152233333333328
68ccd7436063f8c1faca59f153068eb0,2026-09-10,86.516083333333327
b36b8a15ae6d164e2f2378558c9808e2,2026-09-10,86.30955
1980ac0ed0610411161ab175ac78174c,2026-09-10,85.379966666666661
bfee81ed40d0d6c0ba5bbf1856cdf379,2026-09-10,85.3474
3e60e2e3877ed1e2707eb3b0aa8becb1,2026-09-10,84.585533333333331
d10ad588d103feb369c32d68dfe5a61e,2026-09-10,84.240833333333327
0de2b64a3b7a41b3a40151053f0199ff,2026-09-10,84.045433333333335
68a4ce6ed7584a77d9433d665461643d,2026-09-10,83.8162
8c858aaa0182b09a2d72fdb201c0e1e9,2026-09-10,82.66158333333334
20a2dbb91f4e290ac8098e4deac2af37,2026-09-10,82.3681
ca4814572e2a3d7e205c5729cdc33ad7,2026-09-10,82.259383333333332
da76a395e06c00ea5e39bb326767b352,2026-09-10,82.25615
7f774c80b45369c15fd68078a9ae5e2b,2026-09-10,82.188183333333328
c409aee955ec6b098b436b9fee91906c,2026-09-10,82.092866666666666
c49206905dcf61b01327b6d45d0bfc64,2026-09-10,81.90975
96efc19e89137073d9c597eb80036e93,2026-09-10,81.520083333333332
1e73214d044e8a23085a9835e15ad10c,2026-09-10,80.931083333333333
af3aa7a022b4cb3a5dcd8bfb7fc4b1b4,2026-09-10,80.887266666666662
1e65dc9908eb4f1cae3ef3163ab84ac1,2026-09-10,80.688116666666673
9ffe0d73035042bead1ef3ef462559b5,2026-09-10,80.592316666666662
d4d320cc9389b89630949935674dea18,2026-09-10,80.574733333333327
0fea63e20f4f231aaa0d6ef6ed22bcd0,2026-09-10,80.49265
257615f6d5448d0987ad7a192fd58b67,2026-09-10,80.4911
ab09a0f59b2c8009018a6dc53d1c3d62,2026-09-10,80.32535
c566aa4b3d67481d495535b314b11815,2026-09-10,79.8826
a020a088c7bf5e541f74f8c6296c3291,2026-09-10,79.64018333333334
11c1c9cfda5095125bc40756a4abc6fe,2026-09-10,79.477216666666664
880a1f390bd8aa417fd78d7b90f862ac,2026-09-10,78.908833333333334
68b092beb04500bb8eb962874fac23ed,2026-09-10,78.806683333333339
965f6ee31a81533a3b8f34b9706cdcff,2026-09-10,78.781016666666673
8a0fb67936822d09a861313e2199f959,2026-09-10,78.664983333333339
cef3ed9c3bbd50a3ce1f021f55ccf9bb,2026-09-10,78.492466666666672
9509f7a3260ddfa9f67c754fb2e935b7,2026-09-10,78.393316666666664
c957a9bffcb7a54b67cb98dedfb0ed86,2026-09-10,78.070133333333331
14825782dbfdb8c950eec6eb69b8ff25,2026-09-10,77.35055
a811885e228152dfc58f526e41231d6c,2026-09-10,77.141283333333334
6dadfc3d9234ebdb12b96e45c1ba216d,2026-09-10,76.8612
fa806524567b685bf7cb9c2a7ac3f22b,2026-09-10,76.437983333333335
9d5e3966df8f400073fdc4549801a9a2,2026-09-10,76.41365
b88d4ff477bf284eba0684e331cacf31,2026-09-10,76.38745
5f68105e3f62e7d63f341e00cb8646d3,2026-09-10,76.20353333333334
bbbca9382a5ee980e59a18d0d3c75eaa,2026-09-10,75.884166666666673
eb17e8c0dc2c54afa8af6a285e88fa7a,2026-09-10,75.849683333333331
4daf7c36ba9667314fa5a1061c097a82,2026-09-10,75.64503333333333
8753c9374157e27cb5e0507010da4fc5,2026-09-10,75.560083333333338
969050674258359be0652581e3a178ed,2026-09-10,75.460816666666673
95da72e0bec46ee1082b611049861037,2026-09-10,75.380466666666663
a9165fe4e1ee3099d688e9431655d27e,2026-09-10,75.0245
8dbd404279264b79eea470ff245a126f,2026-09-10,74.95735
360a8d19274ca0ea77d471a1627d34ce,2026-09-10,74.81435
37682d26b9181d01654412c6266ce090,2026-09-10,74.637566666666672
2332d3ee13da092100319db2548b3e92,2026-09-10,74.267683333333338
e42fd89a26de3b921ac255851caae12e,2026-09-10,73.87875
4aba6c24d0975b78b1319839e7b415e3,2026-09-10,73.330483333333333
789bca670ac5b337a6204fd7ea0809e1,2026-09-10,72.525866666666673
efec71e4c3f49103ce87c5d06132159f,2026-09-10,72.360183333333339
8c538e4691bf154211e011a39ef90637,2026-09-10,72.30285
0362920c14d530a17e9e159896f224e5,2026-09-10,72.286516666666671
affe8752bd177fd69bed7b5abc022f28,2026-09-10,72.174933333333328
779442cbabdcb9facefb807371024eba,2026-09-10,72.16995
b9d32f3883c6e3cfc795477b42af77b5,2026-09-10,71.955816666666664
d0815c79785a8f106297325dee7ffc90,2026-09-10,71.829633333333334
a441d1e995655214e4ab9a2962dd2387,2026-09-10,71.527933333333337
5b6a6f7e695d7b622a1307d7bd523e0d,2026-09-10,71.502383333333327
14c2924aef9c8d7f85fed77cc8c59af4,2026-09-10,71.413866666666664
c9bf0ff521b03c4dd7135532fd2070e4,2026-09-10,71.087
84b8f6301b8748a5e83808f752c91e86,2026-09-10,70.423383333333334
8246a4e0d16a96838629bc16605e0d66,2026-09-10,69.626833333333337
222fd40863882c9ad16ab1973696f4cc,2026-09-10,68.969516666666664
b5a0a7a66b846593798347c8ba5a3ac9,2026-09-10,68.849583333333328
13c1aabb20dc3209be5a7d48c27e3082,2026-09-10,68.783533333333338
df8e78e12a9cad44675766e2235bba03,2026-09-10,68.5269
eaf97523e80a501b81c34d82788862de,2026-09-10,67.66673333333334
496fa0bb2035c55103a0e525d7641b12,2026-09-10,67.57995
6cc28d50841257ae549fe91c6e31defe,2026-09-10,67.49695
183d88c1d3a737a3fe80943726fb34b2,2026-09-10,67.457733333333337
4b65c5fd337ba02facf149394cd4b2e0,2026-09-10,67.042883333333336
6dc63440710cc285189bdc878200dcd6,2026-09-10,66.7946
35afc08cb05e4174d70666df26f0be63,2026-09-10,66.7789
4f4762c7536ead9eca235f5d924bf226,2026-09-10,65.547133333333335
368062ba4a2e20ce333df85070952aa4,2026-09-10,65.345316666666662
8b676ecf1d432290cd1267a690f01549,2026-09-10,65.053533333333334
0dcc5b6cecac403ab0de9b3f69b8a3e4,2026-09-10,64.835433333333327
ed72f3672db34f5a9ca2f366e09d8527,2026-09-10,64.1892
b1d994a80ffba14a8e21528226c757f1,2026-09-10,64.122266666666661
5763cb5a0a21e2d54d295a8ea3197f74,2026-09-10,64.11633333333333
891308096e709de4412d4487fac9e9a1,2026-09-10,64.0819
33b993907dc5c6a4fec3b36d3c27db43,2026-09-10,63.8851
b507b6f90bc3f0fb89907bf4254c3e4d,2026-09-10,63.74055
f177b1dfb4d307488e7b229cbe101552,2026-09-10,63.454083333333337
4f2cb9b64caff9470c6ef24bcec68c0b,2026-09-10,63.354283333333335
65e01491681d99126581c9d1a1873aaf,2026-09-10,63.122
af8a0fb924ee96bfc7e9dab0116b508a,2026-09-10,63.059216666666664
3f93f26e9193df4c3fa35782223f34aa,2026-09-10,62.65125
4ac6d8c14742fdf145d720245038ce17,2026-09-10,62.31545
881ac6577c69e40067faeed3ea407f01,2026-09-10,62.127216666666669
b5f1b09ee472ab840dbef40fcd969266,2026-09-10,61.9474
d4d77d337db0a17a321e0fe04c8c268c,2026-09-10,61.32765
0a53f8bb477d30486c4c59affd6e20b3,2026-09-10,61.216183333333333
f1b78510655bf7ef411004e0886a6f8e,2026-09-10,60.766933333333334
c0cc3307bfb75b9e36251d3562cf15e4,2026-09-10,60.64906666666667
9196f0f4f69f489ebf4d90480b31ef35,2026-09-10,60.5181
a715ea3db0d2291e735edb384428f8a7,2026-09-10,60.516333333333336
bdae110458673fba221b9e9c6d2b655f,2026-09-10,59.931383333333336
1000caa69b2896ce1ca17382dc558769,2026-09-10,59.74705
9c251d87b970fe1acfb07a6128657e24,2026-09-10,58.374516666666665
70ccb6fa39d548a740067674bb802d7c,2026-09-10,57.854583333333331
6509423f2715082773c8c684a1b6b568,2026-09-10,57.763633333333331
25605bc481da9f8ee339d15bfaefe377,2026-09-10,57.6892
9b96d05686b81c2683f8cb33ab6f6786,2026-09-10,57.32465
610f974a4c4142a1ddcbd4a0b87d64bb,2026-09-10,57.122483333333335
66700b586132827b8cbbbca4a428c959,2026-09-10,56.86675
02324183fccc46c93bd8e7e161f33b18,2026-09-10,56.598516666666669
8b9e9a97b7b7cda9d25b5ca5da50083c,2026-09-10,56.562516666666667
43defa81ca9a517b7066b06279005bee,2026-09-10,56.2658
f94d9d67d99c2d0479769d57f461e77b,2026-09-10,56.159283333333335
c347a8b0f2d4a88c0d9871554769676b,2026-09-10,55.92985
26bd2a38f79b71d0ef60e883d9aadfd2,2026-09-10,55.6411
7e6ba2c61ec573394b0ec0d4a5a6ea23,2026-09-10,55.432533333333332
4ad2676b15be61847536d4cc6e5f7063,2026-09-10,55.42925
a6b2dbd855ad64953761abe981a2933e,2026-09-10,55.154366666666668
ce091fd2103dd114b01300cf3a04c6d2,2026-09-10,54.8547
a31054677bdc01fdc830e5026274dfdd,2026-09-10,54.652133333333332
827366d075d07c4c21eda0d9f22f1119,2026-09-10,54.64325
6dde64b3db0b294720e5bbf3acfc57bb,2026-09-10,54.196633333333331
b29c1ee98a929d514cf63a07e8ebd661,2026-09-10,53.884566666666665
eb8012f3f473ceb4ee4773a137ab60b3,2026-09-10,52.913683333333331
c71858468e8ab02b33338d5500f4de2a,2026-09-10,52.749533333333332
f6e8608a5cc256420e3f8f423e527362,2026-09-10,52.564033333333334
7c95831729f08340607ce8faab73831f,2026-09-10,52.472033333333336
711b998403ce37c9b3781b786f26a013,2026-09-10,52.33123333333333
0efaac543ec4bc01abf04e9da76f223c,2026-09-10,52.3017
50394fc02a4b1b46c093fea3e3e15696,2026-09-10,52.228633333333335
e7a9942f1b2d4ffdcd48a4420d1a1123,2026-09-10,51.5514
056ea410520111f044de84df2d9dc1e7,2026-09-10,51.41205
0f08df7aac276acd545c6193f1aa4fbd,2026-09-10,51.035766666666667
4964cb08f13830a78f001cef8df3ee90,2026-09-10,51.009316666666663
6265d72e9343fc63617a503c974b8705,2026-09-10,50.442283333333336
3ad3dabc6f079197f63459115e9b2ead,2026-09-10,49.440933333333334
033bf6482270a8a25636b7b6258b0036,2026-09-10,49.423416666666668
65c0f468077dccebc45480e9d7d80f97,2026-09-10,49.393516666666663
7504cc502078378223e0525774aa6fb0,2026-09-10,49.38855
1d57fb2710a1480bdc1c70bd7aa4880f,2026-09-10,48.77171666666667
e8a31351ed5ed4f181d3ef324dc99b49,2026-09-10,48.704366666666665
801758016b8f0e4392292d0a1cffd50a,2026-09-10,48.680633333333333
154be7dee23300b889f6be7448eff0c3,2026-09-10,48.242133333333335
d57c31476e5e1c74c618a7866b5b31eb,2026-09-10,47.94615
4c93233e6a59a02fdf26cc8485671a40,2026-09-10,47.798833333333334
f70eb6344ab3fbf0432950a46db56f7e,2026-09-10,47.7296
e6f23427f06217476bdbc12afb5fecb7,2026-09-10,47.519216666666665
22274bd20bd3772dc63a4d418c498401,2026-09-10,47.275116666666669
3ab333758d396b5d33263372ac099d13,2026-09-10,47.117483333333332
ad7ba05f6de76fcd4244315558800707,2026-09-10,46.68375
0ee19f4b53d4f60a8ca1247c2ce550b7,2026-09-10,46.123716666666667
56291acdc46e39bb0d1f70fe0335b229,2026-09-10,45.990366666666667
aa46a90f8eb6b6c307a2e4f080de67c4,2026-09-10,45.4908
16322e877f5e0a7f60edad22fcad07cd,2026-09-10,44.873883333333332
02c1d0f449dee46d5fef2617d81e7aa0,2026-09-10,44.771466666666669
b13b82ab71f6408d88342b37875b4d86,2026-09-10,44.3081
ab82de0a60963501348ffa0536db44d9,2026-09-10,43.44365
c66d9a83c55b04feaf705514f04e40df,2026-09-10,43.3639
1585d524476221fed2577c766f69292d,2026-09-10,43.265333333333331
4d0aa0c4379e6b8fa92c3bda64053f46,2026-09-10,43.207933333333337
bab5d5d958708c52bcbecf67798c4ac7,2026-09-10,43.176883333333336
e63530a8ae4d2cc163783aa9574f619d,2026-09-10,42.671416666666666
434397db84f7758e61b46ca41785fde5,2026-09-10,42.19885
3449d4f0e923d66bd2cbca18fa1e6f3f,2026-09-10,42.169316666666667
1b1b2e6bb0a7f4c02b69081c6a876dc2,2026-09-10,41.974366666666668
790e2baebf8e57492e39141f2293f2df,2026-09-10,41.94945
a5dc44c1ff3b39bc263d6af823dfea29,2026-09-10,41.3792
8ba3ad723297acaab292e989effc2c33,2026-09-10,40.821016666666665
0bced81bc5a2cc6cdf9de6b1a40481c3,2026-09-10,40.71535
da9764e1779d365832f96d4818ee1c73,2026-09-10,40.5203
23bd7ddca5db24dac588cfdb82bc87f0,2026-09-10,40.434666666666665
351be37df129c30466994d2706c27139,2026-09-10,40.272466666666666
c0c2ba9eaaa9ed9f09f62a25499ed9ed,2026-09-10,40.20125
e94784af15628cf93ab0e14ebfee0afc,2026-09-10,39.859033333333336
09ea7b836d8346d55df8f07d7053ef5e,2026-09-10,39.650733333333335
c934604db6adeafc4b6903a519a5ed9f,2026-09-10,39.6146
8c3717f01b0c4fbb0fc56eb07a949e76,2026-09-10,39.474666666666664
4566c6991c4c0f4e28b23771817aac7c,2026-09-10,39.32435
6a7d29ac626a45cbc043e256b29d45c0,2026-09-10,39.051016666666669
149593c12b12aca753d9ae8cea09891f,2026-09-10,39.013666666666666
d7747ebb46c46e9ab2298a3000de0598,2026-09-10,38.928033333333332
4bfa3e73022d8c541c6f15acffecff64,2026-09-10,38.385066666666667
633eef026b2c6d743605e47dc144c40c,2026-09-10,38.185383333333334
edafecd38ed6c99615052ac4c7184268,2026-09-10,36.760816666666663
0845a0dafb63e7a52e39255c9abc3837,2026-09-10,36.56005
b0baf9468e91b79147176bfa453bbc13,2026-09-10,36.5468
1291d57d3eedb459556b925ca1240569,2026-09-10,36.2896
bf1a14431ceed42b2669b6098bba28d0,2026-09-10,35.91685
f32d38a9f4eb8b3cba00a7a5a425f812,2026-09-10,35.724816666666669
dc3e397aaba9dbebd2d23da79271e071,2026-09-10,35.271183333333333
c434b04159cf9bc77c7d25a60c59742e,2026-09-10,34.9353
3992a02aa512ea8de8c45bd557a2bcd9,2026-09-10,34.934266666666666
326ca33364175cb2014bb6f840db5b93,2026-09-10,34.60355
7c4ad4d3013ecb71e3c8c7d6195fb19b,2026-09-10,34.193
dac66bc21fdec8cb5a08dd3e54f20cf6,2026-09-10,34.126616666666663
3cc76d62dc8855538c3039a309dbb179,2026-09-10,33.7423
de8ce7afc03e673c3579c1f4335071f5,2026-09-10,33.655016666666668
a58af5e26f39d8925260cdddfbb56bf6,2026-09-10,33.364316666666667
ad4019d1518707fb7fdf10230fc6bca7,2026-09-10,33.35925
cc68b1428164014358e7f35cb0f970f4,2026-09-10,33.343
c3ebb7eb6b9a244cd40c4f2d6d7f54f3,2026-09-10,33.25098333333333
e99362b978e0e82577ab44268adf8c2c,2026-09-10,33.196533333333335
51ecd2d42f517550217ff035b236f34d,2026-09-10,33.12315
94c78bd15dcf8fe15e259d74aeef7922,2026-09-10,33.0953
ddeaf06dca17c850dc2368e0d66d9a48,2026-09-10,32.506616666666666
49c5b88b6d17e9e32d6f8d7956712f0a,2026-09-10,32.3889
c4be78b35d6db1da7480531d7cf59ad8,2026-09-10,32.370983333333335
c852941f60196ea449540b16edc9ec09,2026-09-10,32.2376
73e0ff3c2cc268edc9bf9d8f3a2d27d8,2026-09-10,31.713883333333332
56d0eeb15f58753bce9ccc76c4c71f29,2026-09-10,31.482283333333335
b20e8ddd35940d9519622e932eb777b8,2026-09-10,31.3701
cb6f32a96a452ddda16afcb1e7d79579,2026-09-10,31.10835
02bd203c13a3ce747989e5553bc8a4fb,2026-09-10,31.007066666666667
3e65dfe6f7e74717fbe88d7ac435612f,2026-09-10,30.029333333333334
49cf434be41121db6ec2351beeaa30fa,2026-09-10,29.9117
cd29f9c67e84d31245dcf0342f983b2a,2026-09-10,29.886066666666668
604c83efc5c11c063dcb76eab7fa7586,2026-09-10,29.871333333333332
9edde3df9d28d7ef7d18bf8b7056d7e7,2026-09-10,29.737683333333333
74af9c36419526cf54d486b5e9f4946e,2026-09-10,29.727983333333334
bd20755883104fd39e8e160ab3d44b01,2026-09-10,29.7184
28de9c30afb11d993a19ef4e8be99c88,2026-09-10,29.58305
1cffa4b82b55c4976031762884bdf26c,2026-09-10,29.34485
091c3ac175c1c4c212fe4927a90eac6f,2026-09-10,28.625516666666666
ed150c2f3e2f3ccf7cf4efea68f5bec3,2026-09-10,28.5847
5fe1ddf8ae33bfe5117774b685956dd8,2026-09-10,28.24765
851e827cc17d2032bd225790f87e1c70,2026-09-10,28.123133333333332
35acdfeb4d73092caa0af5568991a263,2026-09-10,27.72985
8aa1a5460e81e127e187481d69e97692,2026-09-10,27.4543
cedcf9de35568dc15236719b68733b39,2026-09-10,27.364066666666666
936739a9b7e11522c56351417714659a,2026-09-10,27.148683333333334
2286041b0374241f10ebd947b4a08d2e,2026-09-10,27.069116666666666
6eebe7a7c76c27fc3d6e7c7d580ef68a,2026-09-10,26.870566666666665
60f235939538d6dafcd51c4b82f1818e,2026-09-10,26.62685
1328efe7e3549ec345690e22f1490c0b,2026-09-10,26.509066666666666
8779e2ea33130763fd8863d6a02b47cb,2026-09-10,26.41495
88b66808826373330573bcbafa707754,2026-09-10,26.2931
230735dd36e36512b376a4e45eb735fd,2026-09-10,26.25895
100ec24a41edf96f034dbbf477b85dcc,2026-09-10,26.248116666666668
40309c7f5f05a3f0cad49dd409ce4242,2026-09-10,25.8775
bad06c48d083b043e24756a1967915e3,2026-09-10,25.361233333333335
dc31bd210ec3da949e34e35c75ca387b,2026-09-10,25.209316666666666
89355dd79b21f2513d6c32adc199743f,2026-09-10,24.637966666666667
b4081ddac0783ac4417a76d8ac9f3712,2026-09-10,24.104283333333335
b25e4a257fb603e2909ab29dceca8ebd,2026-09-10,23.164666666666665
ef053352937f6acecefb618d684dedd8,2026-09-10,23.11365
bab5d4312f116ed590f1bd85e6cf147e,2026-09-10,22.918816666666668
49d85e4ceacc171f17653455b61ab368,2026-09-10,22.8807
f571329657af434961c46e88aff38c66,2026-09-10,22.631283333333332
99ef042c4f2e553129bda8c36c047a2e,2026-09-10,22.59095
03584b6e91a52672dea3e21a1787ef57,2026-09-10,22.479883333333333
c912350cf32dbedf2277e18f27d7102d,2026-09-10,22.015333333333334
94c62e73c2d10cde40f9569b872bae99,2026-09-10,21.691216666666666
4e0b68124f17ecddc5ffd3124470c4a6,2026-09-10,21.4004
bb0e386833ef9ff97f3617137903e688,2026-09-10,21.235616666666665
818ea7706fe13840d4605cfefc27f73e,2026-09-10,21.186
93fbf799acbb025f1cf9826bccace291,2026-09-10,21.0976
e80a363813b7160b78bc2006fa00cb30,2026-09-10,21.058466666666668
a77d6bc558bd5c1f18516d693b92b1f1,2026-09-10,19.946283333333334
459d38de12172242bb727e16dc44575f,2026-09-10,19.831333333333333
81a09e1d22adac1cdc2f91cba48c4e68,2026-09-10,19.76455
594e43416d58aa2ecb8d32e8e56e7d13,2026-09-10,19.458483333333334
88a1f304605844fe2a95480ef7b81127,2026-09-10,19.406083333333335
41dd35dee81d40afe0819e772ec8a51f,2026-09-10,19.29535
99ad493adb0d534cf4a1ca42b7a1968b,2026-09-10,18.821316666666668
d5808a439bae0c5a09cc30979d81b1e0,2026-09-10,18.690166666666666
ba006d19117d6f42e211b950f84f7af1,2026-09-10,18.532566666666668
ae1934a316860802add483495ea9fd22,2026-09-10,18.42045
3e58486368d27fcc139988114f12b12c,2026-09-10,18.413733333333333
5d4b4d4ebb65160cfd1e5fc3fe869c01,2026-09-10,18.350883333333332
bbd339b0a366c5ec600ef430cde97edb,2026-09-10,18.273816666666665
006611d86b01141ffee1ce82d4db0407,2026-09-10,18.145283333333332
2671d04e91584d33c0af2aa8c4fb9aec,2026-09-10,18.073083333333333
0f920b414e096788d212c2e72c6c85a9,2026-09-10,17.21215
29565708719d6be00195537d461c3357,2026-09-10,16.780783333333332
eddf6b456391d224585ac33a48135c4b,2026-09-10,16.742866666666668
b41a1939669a2fe2345bb7b55ffd8d34,2026-09-10,16.497516666666666
f26a6756ad18de0059aeeaf9097461ee,2026-09-10,16.445383333333332
d35949857041924b96b1e5824b9bc71c,2026-09-10,16.416166666666665
9b74fc97659beee4aedae06e838eda9e,2026-09-10,16.296016666666667
05994d43fcde7d1429f85ab566d7f565,2026-09-10,16.13425
21ac37b645f685a0e211058781ec6619,2026-09-10,15.988816666666667
6f78d4fb5877861008d5d477242dad36,2026-09-10,15.415966666666666
15a7a8dbaa28e9b62688a46e33aad079,2026-09-10,15.150816666666667
6a46f607dbec0dba58395a6c193d3e0a,2026-09-10,14.5498
5fa9cfcf72060f6f6f4ff8f85227bc4f,2026-09-10,13.7543
1044f137fcbd5e69dac643f568863fff,2026-09-10,13.089133333333333
4df75d857b2101d72deb65eb7f4f8b38,2026-09-10,12.775166666666667
8739a241fc683ca6df1908c217052bee,2026-09-10,12.426733333333333
5b6602412b335228244420782fa30dd3,2026-09-10,12.002233333333333
bbd813426e9075cef962db17cceb50b1,2026-09-10,11.716133333333334
716d97422df035a1a2b166f1d81b4336,2026-09-10,11.635566666666668
128aa1075bc386a1e77463c355af2010,2026-09-10,11.4933
238798907eccd5833a8d8b245a2e791d,2026-09-10,11.491133333333334
2abe5ef3c3d53e174bdfe9524abcc7e1,2026-09-10,11.245233333333333
b7e83f907ed2313416b2e92f69154534,2026-09-10,10.9296
33aec63d98c969526ef9f091d6a50f9b,2026-09-10,10.827916666666667
5a2486d19cd432106b068345e1fd8f3a,2026-09-10,10.6632
c76f29f19b9df3fd3c07468936eacf64,2026-09-10,10.467016666666666
4ff9f95985b6d0feccf775474f6ef5be,2026-09-10,10.421316666666666
4ae7160b80d416eec8533c61de38719f,2026-09-10,10.410383333333334
3bc2471c410450928a4d48326a2bcfd5,2026-09-10,10.336333333333334
578c0ac5a347e5e29b84a6d0fffcef3c,2026-09-10,9.8650666666666673
323f284c833b4c72cf25fcedb4103ebe,2026-09-10,9.8501
b0c8f6c1013402e47fbd6dbc7bea4c5d,2026-09-10,9.7563833333333339
2ee5ad19dc78ace17398c0a361654324,2026-09-10,9.7164333333333328
647afaf9d1a7ed3c71b4e7dec367abc8,2026-09-10,9.34415
c273e8c6578bf44001bef8fad4a6a4cd,2026-09-10,8.5591
417b719754e21f737d909984901297c3,2026-09-10,8.4453166666666668
4ac46d61e16a7e5cea137fb2ecb8f096,2026-09-10,8.3622
b09dbbcefae13f6aae24d3c78f0d4bd7,2026-09-10,8.1775333333333329
6b7a768d24b4db82941c2e603a2b760f,2026-09-10,7.5481666666666669
f1bab4bd01157e45d132c312651412be,2026-09-10,7.1414333333333335
444754796ab974fe8c5cbc03a3806854,2026-09-10,6.7388666666666666
9855113b0d10dc637f65c3e6264b18fa,2026-09-10,6.0771833333333332
f8560e245ccc32f301545c52f875fb9e,2026-09-10,6.06285
4c25dbc783d9fd3dd520bdd0eadb7478,2026-09-10,5.9173166666666663
e3f4979e7f6e335aa5b2778c79184427,2026-09-10,5.6913833333333335
38848dc9bf10f8f516c14f97a6abc1cd,2026-09-10,5.3971
e306a0bf7b03d344e0535f9d81b87558,2026-09-10,5.0975666666666664
bb28fb72b2dda3d59c69fc22a43ec3e7,2026-09-10,4.8867333333333329
3de457ed7d60c38a1469124f71cbfa5d,2026-09-10,4.7907666666666664
5ff864f1ad1a1550aa472d0f26e31ef1,2026-09-10,4.671216666666667
82258a825b6e7a0b99ed649eeb553129,2026-09-10,4.1267
1ba8e1a2451fa401d1d8d313f7c57443,2026-09-10,4.0980833333333333
fb25b8a423de8bd26cb8329e8120bb79,2026-09-10,3.9355666666666669
aa1c445fd3a159d84d8250be02d4dc04,2026-09-10,3.61375
93a0cc600837fb53a041d05257247f91,2026-09-10,2.45155
881b2f6b15be882fcb2d9f3123f90055,2026-09-10,2.3809333333333331
b88aeb2afaeb50651ac4ab9f3db5f75c,2026-09-10,1.8139833333333333
70870f81ea60c8a070d5d9fa81423576,2026-09-10,1.3100833333333333
601ea55690d7acf93ee6afb9d04d7471,2026-09-10,1.0921166666666666
16627a34a18516373dad77d99afb5352,2026-09-10,1.0888166666666668
4a505eefd4a432d8d4f278dc9501a380,2026-09-10,1.0624
463256bf06f7935bf5f18e42fd90ea07,2026-09-10,1.0110333333333332
998bd40fcfc114e76b18ceab327ab058,2026-09-10,0.77015
8ad1813acdd1ca1487dd7f28a24aa5f4,2026-09-10,0.68061666666666665
f3250002836b40f6177d90268684fcf0,2026-09-10,0.22273333333333334
c11d4557d9e677c37fa9ffa0cc109c5e,2026-09-10,0.20948333333333333
fc6641e597b877535fa95a1714c87c6c,2026-09-10,0.097166666666666665
9637f41c782714eb9263489f568f83d8,2026-09-10,0.0938
f74feb429dfdd33cfee2db646a0ab43d,2026-09-10,0.081733333333333338
d47468decf85cd3abf1c532d6fc31b11,2026-09-10,0.072533333333333339
393f950f066afcf61365b25650455268,2026-09-10,0.0204
29a21e6be8d9367359f0fbceaed226bc,2026-09-10,0.017283333333333335
aafce01472224ccfaa974ff3c04c2ee6,2026-09-09,453.85603333333336
3cc76d62dc8855538c3039a309dbb179,2026-09-09,307.72311666666667
2671d04e91584d33c0af2aa8c4fb9aec,2026-09-09,252.24226666666667
163399ba8f190c08b47a59010f5b6f86,2026-09-09,244.9455
a684d080ddfa4f41d93f739292162dfc,2026-09-09,230.79171666666667
779442cbabdcb9facefb807371024eba,2026-09-09,229.0261
6dadfc3d9234ebdb12b96e45c1ba216d,2026-09-09,191.47155
f8bab5d666254f573de7ffa0e50a3eb6,2026-09-09,187.5339
f74feb429dfdd33cfee2db646a0ab43d,2026-09-09,139.3873
7c4ad4d3013ecb71e3c8c7d6195fb19b,2026-09-09,105.64478333333334
998bd40fcfc114e76b18ceab327ab058,2026-09-09,84.86235
3b793b5bfea6f4f45909a89b9106d395,2026-09-09,79.624116666666666
09ae07a95d44f9894198a20ff8247fcc,2026-09-09,78.348983333333337
6ece9e0e5d44b1bc06a7f90828439d16,2026-09-09,77.347316666666671
341db076b4cc9bb40924cf6df1446775,2026-09-09,76.04428333333334
37338503f994a90db1f619f7e98625e3,2026-09-09,74.574783333333329
c935a7d125b76fe56802d94bbcebeaa1,2026-09-09,69.45065
2a698cd017906c349cd8e0fc68ec43c0,2026-09-09,69.073166666666665
e7a9942f1b2d4ffdcd48a4420d1a1123,2026-09-09,64.438316666666665
3de457ed7d60c38a1469124f71cbfa5d,2026-09-09,63.44853333333333
cfaa89d9d1c831bba03e55864325c7c7,2026-09-09,62.195
3e65dfe6f7e74717fbe88d7ac435612f,2026-09-09,53.852916666666665
360a8d19274ca0ea77d471a1627d34ce,2026-09-09,49.625783333333331
b41454125e60dc1082442230338c6884,2026-09-09,48.048
033bf6482270a8a25636b7b6258b0036,2026-09-09,47.661066666666663
26bd2a38f79b71d0ef60e883d9aadfd2,2026-09-09,45.29985
794272c7bd710ed513fbf9b6d7ca87a8,2026-09-09,44.383416666666669
4f4d458073d61f0b96336002801fac8e,2026-09-09,42.589833333333331
8f49945fbbb2a5c987f917c02f3f2317,2026-09-09,41.652533333333331
fed332305284fa415d0fe75d37892e27,2026-09-09,40.865166666666667
4947f59996c9eb94c3ef31a6c1ec46b7,2026-09-09,40.026316666666666
39801e10e6a1ccaf3692297d855b4002,2026-09-09,38.94215
bc50645096dbb4512442076ba4f59708,2026-09-09,36.829833333333333
d7747ebb46c46e9ab2298a3000de0598,2026-09-09,35.129866666666665
d561060b749fc9299be1c2764f579b5c,2026-09-09,34.819366666666667
6215cbbd796744c56602bf941994ca21,2026-09-09,34.140133333333331
eb6a265b79dda630df29bd132ee11f60,2026-09-09,33.944833333333335
7a71f46f56b5b86d34fa626809ab0a88,2026-09-09,33.2037
99ef042c4f2e553129bda8c36c047a2e,2026-09-09,32.216516666666664
b5440a46aa2bbed5a060868ca5619a4e,2026-09-09,32.105116666666667
30b3c9d9950ca92240a2995bed389512,2026-09-09,30.6608
5b198ea3d2e6f047b3a7352d733ce758,2026-09-09,30.569183333333335
610f974a4c4142a1ddcbd4a0b87d64bb,2026-09-09,30.458883333333333
733e8321d24a42f88f6abbe8402716e1,2026-09-09,30.378416666666666
37682d26b9181d01654412c6266ce090,2026-09-09,30.038983333333334
2862145b3b8d969d00cb4d4f97e3a54b,2026-09-09,29.6582
3134e3417b53a6f75f5a114d0e0864a3,2026-09-09,29.119883333333334
7b675e12ed8ac0e1a20249b50c603f39,2026-09-09,28.423616666666668
cb6f32a96a452ddda16afcb1e7d79579,2026-09-09,28.365233333333332
19482b56b2834e270d45e709aa6a3a00,2026-09-09,28.234666666666666
352bb43d7faf55bde206f39bc6247700,2026-09-09,27.393616666666667
6dd718da1588498d26b0c12b105ab163,2026-09-09,26.982
695a4e5bbd56dd89e9b7d7765fb4c7fc,2026-09-09,26.965333333333334
969050674258359be0652581e3a178ed,2026-09-09,26.019066666666667
b65084b873f345ed2e2c3806202ccb9e,2026-09-09,24.82365
e37015acb88aafcae34572c9e4f8dbfb,2026-09-09,24.54155
f1b78510655bf7ef411004e0886a6f8e,2026-09-09,24.339783333333333
89c07e43c963e2d654fc0829b01dc224,2026-09-09,24.196466666666666
802e6d5454a9eaadc9e3c50f5f492939,2026-09-09,23.7241
b4081ddac0783ac4417a76d8ac9f3712,2026-09-09,22.958183333333334
ed150c2f3e2f3ccf7cf4efea68f5bec3,2026-09-09,22.668933333333332
16322e877f5e0a7f60edad22fcad07cd,2026-09-09,22.623416666666667
d4a5988842c756ddc4b2845880ce65a6,2026-09-09,22.377316666666665
4bfa3e73022d8c541c6f15acffecff64,2026-09-09,22.32575
091c3ac175c1c4c212fe4927a90eac6f,2026-09-09,22.119816666666665
b54fb623874fbff7ad760d3f73db5bf4,2026-09-09,21.802483333333335
633eef026b2c6d743605e47dc144c40c,2026-09-09,21.310066666666668
edafecd38ed6c99615052ac4c7184268,2026-09-09,21.142233333333333
9d5c6958d6e0ecf37ddfb9e5317d23c2,2026-09-09,20.955516666666668
87f1a70352e7587f4e4d7005858a7ca4,2026-09-09,20.87125
de13b84a16fae7a3ba3052e671a5a009,2026-09-09,20.6233
88b66808826373330573bcbafa707754,2026-09-09,20.398966666666666
d0fb8e828add597c4cd231013da6ae53,2026-09-09,20.157266666666668
368062ba4a2e20ce333df85070952aa4,2026-09-09,18.907816666666665
dc31bd210ec3da949e34e35c75ca387b,2026-09-09,18.19465
38848dc9bf10f8f516c14f97a6abc1cd,2026-09-09,17.7979
a770acdbf73e2a088e750cd9de0507b1,2026-09-09,17.028466666666667
382b4e7bade4554d0c4b94780309a770,2026-09-09,15.571066666666667
d8a355c0f3caafce993d1298f99e1b12,2026-09-09,15.540966666666666
cfbd052c3454165a1406a0e92999be90,2026-09-09,15.414116666666667
9ffe0d73035042bead1ef3ef462559b5,2026-09-09,15.372933333333334
6265d72e9343fc63617a503c974b8705,2026-09-09,15.235966666666666
d52f5be5ab8fa46f8534a793a24d1a91,2026-09-09,15.16335
8ad1813acdd1ca1487dd7f28a24aa5f4,2026-09-09,14.678666666666667
0de2b64a3b7a41b3a40151053f0199ff,2026-09-09,14.554066666666667
f95c691b7af4f810a5e619112241f175,2026-09-09,14.344533333333333
d18aaff119e10b363b52e7701743e6a1,2026-09-09,14.087433333333333
8c3717f01b0c4fbb0fc56eb07a949e76,2026-09-09,13.943116666666667
8a0fb67936822d09a861313e2199f959,2026-09-09,13.88285
1f5374d22204d69d9b70859e1d42dfef,2026-09-09,13.872783333333333
c98d7511803b8d9fd972cea6af745dcc,2026-09-09,13.859
3998905275e85390e85768cf68f299af,2026-09-09,13.6848
db5ffb24c56640cee813a2a85c0138d8,2026-09-09,13.518216666666667
e306a0bf7b03d344e0535f9d81b87558,2026-09-09,12.706983333333334
3ce888d01b8dfb1b474212b9be604b3a,2026-09-09,11.74485
84b8f6301b8748a5e83808f752c91e86,2026-09-09,11.72175
20a2dbb91f4e290ac8098e4deac2af37,2026-09-09,11.6257
4ac6d8c14742fdf145d720245038ce17,2026-09-09,11.545633333333333
8b9ed8b9f8446bea3fa453430ca9bb99,2026-09-09,11.07905
ccc1b245eaf0bcc3a0b07602ea31304b,2026-09-09,11.0461
bbd339b0a366c5ec600ef430cde97edb,2026-09-09,11.038733333333333
0840247484cd232d9d1bb223b7b4249d,2026-09-09,10.994416666666666
fe9df40ce0af12a67b8bc5f32c46f212,2026-09-09,10.568283333333333
b20e8ddd35940d9519622e932eb777b8,2026-09-09,10.4754
f607f5aed2e72d9c244542410e4b64c0,2026-09-09,10.464016666666666
5f68105e3f62e7d63f341e00cb8646d3,2026-09-09,10.197033333333334
a77d6bc558bd5c1f18516d693b92b1f1,2026-09-09,10.15465
31008425962ef0ed052327f5c5f5d6f5,2026-09-09,10.074366666666666
4f2cb9b64caff9470c6ef24bcec68c0b,2026-09-09,9.9117833333333341
f8560e245ccc32f301545c52f875fb9e,2026-09-09,9.647966666666667
ed3d0a013c6a11748a6f215ae27d8767,2026-09-09,9.6460333333333335
b88d4ff477bf284eba0684e331cacf31,2026-09-09,9.61735
5b6602412b335228244420782fa30dd3,2026-09-09,9.4096333333333337
21ac37b645f685a0e211058781ec6619,2026-09-09,9.2998666666666665
bb0e386833ef9ff97f3617137903e688,2026-09-09,9.2087666666666674
14825782dbfdb8c950eec6eb69b8ff25,2026-09-09,8.9894833333333342
1328efe7e3549ec345690e22f1490c0b,2026-09-09,8.5534833333333342
eaf97523e80a501b81c34d82788862de,2026-09-09,8.478133333333334
f571329657af434961c46e88aff38c66,2026-09-09,8.4103166666666667
c434b04159cf9bc77c7d25a60c59742e,2026-09-09,8.3662666666666663
bbe214a7343a8a759c45921ffb2c3316,2026-09-09,7.9597
6b7a768d24b4db82941c2e603a2b760f,2026-09-09,7.401416666666667
43e441a37467006e1c31698fb9149194,2026-09-09,7.3644666666666669
3258af1f50d9d31d0c1fc389164c755d,2026-09-09,7.0754833333333336
1000caa69b2896ce1ca17382dc558769,2026-09-09,6.9122833333333329
70a2976d4ecf2a084ecfc11d29e47aa0,2026-09-09,6.858
04e7a52cc5d46c0f9f967758723ed99a,2026-09-09,6.7207333333333334
eb8012f3f473ceb4ee4773a137ab60b3,2026-09-09,6.71615
4830ffe6af905928150517d3da98929b,2026-09-09,6.5092
0362920c14d530a17e9e159896f224e5,2026-09-09,6.3498166666666664
cefb1674ddea87734e40a6a6f5c045b7,2026-09-09,6.2252666666666663
7ba872fd6eb18c17d13dfa36b47108d2,2026-09-09,6.1072666666666668
cedcf9de35568dc15236719b68733b39,2026-09-09,6.0923
2c4d2065a8be3223fd2d6671ffcad593,2026-09-09,6.0095
0ee19f4b53d4f60a8ca1247c2ce550b7,2026-09-09,6.0066666666666668
818ea7706fe13840d4605cfefc27f73e,2026-09-09,5.9330666666666669
bcbb0dfa44ec9084d65004e2724eac45,2026-09-09,5.7714166666666671
f1bab4bd01157e45d132c312651412be,2026-09-09,5.7385166666666665
2bed0c1901c0179250c33bb07ef10b25,2026-09-09,5.60965
f17f3fe46142ed289770325b41530714,2026-09-09,5.48695
81b2673b0e6ca7ac6f020fcf2afe9331,2026-09-09,5.39525
100ec24a41edf96f034dbbf477b85dcc,2026-09-09,5.1948833333333333
c1c8011499404048d2c4a0ecdcb16364,2026-09-09,5.1439666666666666
ba006d19117d6f42e211b950f84f7af1,2026-09-09,5.11895
6153f8c0ca64b5f5a8f5cbd853ba1800,2026-09-09,4.98035
65c0f468077dccebc45480e9d7d80f97,2026-09-09,4.9272333333333336
d0815c79785a8f106297325dee7ffc90,2026-09-09,4.9196666666666671
f5bffa8fa85ad3fa917751d03291df3a,2026-09-09,4.6536166666666663
5fa9cfcf72060f6f6f4ff8f85227bc4f,2026-09-09,4.571933333333333
2341dbb105cc4346ba9ab42459a8a11c,2026-09-09,4.4787833333333333
43defa81ca9a517b7066b06279005bee,2026-09-09,4.3674666666666671
639989f4f613c25da9986b43bcaa1831,2026-09-09,4.3454166666666669
2a05e95ce173f9f4de8b16f60997f5c7,2026-09-09,4.2788666666666666
849fa2abb29f1dc0db768e02ba5a400b,2026-09-09,4.22775
65e01491681d99126581c9d1a1873aaf,2026-09-09,4.1970833333333335
d6579befefe2b783375400f8e0c36543,2026-09-09,4.1431166666666668
6c842e88ec312ca149a1ccee3d99bf3b,2026-09-09,4.1299666666666663
851d582dad4ee6b2683b0afe1102b0cc,2026-09-09,4.0803833333333337
537739c9d98f714592c61b601e333ecf,2026-09-09,4.0745666666666667
222fd40863882c9ad16ab1973696f4cc,2026-09-09,3.815
d4d320cc9389b89630949935674dea18,2026-09-09,3.76645
03584b6e91a52672dea3e21a1787ef57,2026-09-09,3.62765
4566c6991c4c0f4e28b23771817aac7c,2026-09-09,3.5125666666666668
b7e83f907ed2313416b2e92f69154534,2026-09-09,3.4397333333333333
1980ac0ed0610411161ab175ac78174c,2026-09-09,3.3571833333333334
c76f29f19b9df3fd3c07468936eacf64,2026-09-09,3.3056166666666669
bbd813426e9075cef962db17cceb50b1,2026-09-09,3.2734666666666667
abac7acb47172237cf48d6c9a6f25f9f,2026-09-09,3.27295
647afaf9d1a7ed3c71b4e7dec367abc8,2026-09-09,3.2657166666666666
1c25239b54372e2b597e0981227a1805,2026-09-09,3.0964333333333331
0fea63e20f4f231aaa0d6ef6ed22bcd0,2026-09-09,2.9935833333333335
70ccb6fa39d548a740067674bb802d7c,2026-09-09,2.95615
b5a0a7a66b846593798347c8ba5a3ac9,2026-09-09,2.8784333333333332
5a2486d19cd432106b068345e1fd8f3a,2026-09-09,2.7698
827366d075d07c4c21eda0d9f22f1119,2026-09-09,2.7557166666666668
3510e894871585c6d035f3018a6d2581,2026-09-09,2.5842333333333332
238798907eccd5833a8d8b245a2e791d,2026-09-09,2.5186
16627a34a18516373dad77d99afb5352,2026-09-09,2.497
99ad493adb0d534cf4a1ca42b7a1968b,2026-09-09,2.4809833333333335
e6980d8e5ef837b11cfd5d20095c9c2b,2026-09-09,2.4739166666666668
594e43416d58aa2ecb8d32e8e56e7d13,2026-09-09,2.2479
19ff9210d14531c940bf3798be5058d4,2026-09-09,2.0894666666666666
e25b93f56f64f41aec9e5b0b881166e9,2026-09-09,1.95595
94f74be9b19500678e8eb6be9bbab797,2026-09-09,1.8551666666666666
6daa2223f2b53cbaaad38ae8812635ad,2026-09-09,1.73185
c58125d2fe79c4a44add261b097a8862,2026-09-09,1.5814666666666666
9855113b0d10dc637f65c3e6264b18fa,2026-09-09,1.5650166666666667
149593c12b12aca753d9ae8cea09891f,2026-09-09,1.55385
8c858aaa0182b09a2d72fdb201c0e1e9,2026-09-09,1.5532833333333333
dfb498f91d7103c9ec0f7d112f8fdd85,2026-09-09,1.5176
1603059dfa4b4da59e7b0fe73f7fef9f,2026-09-09,1.50445
4964cb08f13830a78f001cef8df3ee90,2026-09-09,1.4455666666666667
c852941f60196ea449540b16edc9ec09,2026-09-09,1.43
cfb60df573397cff1a6b6ee92fe916b7,2026-09-09,1.408
006611d86b01141ffee1ce82d4db0407,2026-09-09,1.38715
0845a0dafb63e7a52e39255c9abc3837,2026-09-09,1.3610333333333333
f6e8608a5cc256420e3f8f423e527362,2026-09-09,1.2694333333333334
cc8455bdf3db08ae7e8ce3ad6b922938,2026-09-09,1.1928166666666666
230735dd36e36512b376a4e45eb735fd,2026-09-09,1.1458166666666667
4ad2676b15be61847536d4cc6e5f7063,2026-09-09,1.1107666666666667
e9f179f6dc8a682bb2a4fed17149b3ee,2026-09-09,1.1080666666666668
d57c31476e5e1c74c618a7866b5b31eb,2026-09-09,1.1066
4042aba4c435958c51f34c69475d69b0,2026-09-09,1.01105
6448b005a8ada25a40f4c0205a1f8f33,2026-09-09,0.98575
601ea55690d7acf93ee6afb9d04d7471,2026-09-09,0.9573166666666667
68a4ce6ed7584a77d9433d665461643d,2026-09-09,0.93205
13a18e55c412455a3980fea7ab6ff02c,2026-09-09,0.91951666666666665
2fcf7f159580842610834e156a2e4a8b,2026-09-09,0.91925
96efc19e89137073d9c597eb80036e93,2026-09-09,0.88015
9b74fc97659beee4aedae06e838eda9e,2026-09-09,0.86428333333333329
7504cc502078378223e0525774aa6fb0,2026-09-09,0.8428
f94d9d67d99c2d0479769d57f461e77b,2026-09-09,0.69081666666666663
d4d77d337db0a17a321e0fe04c8c268c,2026-09-09,0.63898333333333335
7c95831729f08340607ce8faab73831f,2026-09-09,0.6304
bad06c48d083b043e24756a1967915e3,2026-09-09,0.61875
e11c884e870d4c20c5a68a9261f69391,2026-09-09,0.59541666666666671
e94784af15628cf93ab0e14ebfee0afc,2026-09-09,0.5880333333333333
581bda54d3cdc12104a8185bed705bb6,2026-09-09,0.56035
8aa1a5460e81e127e187481d69e97692,2026-09-09,0.54881666666666662
e42fd89a26de3b921ac255851caae12e,2026-09-09,0.5345
aa848af0cdc070f5652ef1dd52b32913,2026-09-09,0.51906666666666668
154be7dee23300b889f6be7448eff0c3,2026-09-09,0.47238333333333332
c347a8b0f2d4a88c0d9871554769676b,2026-09-09,0.45793333333333336
70a82ffa20441da9bb8f62307244cc26,2026-09-09,0.43401666666666666
7f774c80b45369c15fd68078a9ae5e2b,2026-09-09,0.4029
85ad7affe339e19c23597ccca6466017,2026-09-09,0.35496666666666665
ddeaf06dca17c850dc2368e0d66d9a48,2026-09-09,0.33425
7e6ba2c61ec573394b0ec0d4a5a6ea23,2026-09-09,0.3204
484ca34c371bf5abf9677110fecf9620,2026-09-09,0.22143333333333334
327c84163cb3d20c6463e5684777dc6b,2026-09-09,0.20755
d7a1c73c9fe29760229d859762165902,2026-09-09,0.19263333333333332
be033847571ed8b67d3324e67c26cbc9,2026-09-09,0.17546666666666666
15a7a8dbaa28e9b62688a46e33aad079,2026-09-09,0.0769
71510cb622048e6d335bee84e2f05550,2026-09-09,0.06185
936739a9b7e11522c56351417714659a,2026-09-09,0.05591666666666667
c957a9bffcb7a54b67cb98dedfb0ed86,2026-09-09,0.039833333333333332
cc68b1428164014358e7f35cb0f970f4,2026-09-09,0.03415
7146d946a105863a531fab27f246aff2,2026-09-09,0.024433333333333335
773efde19effff094b79f68ae2d46afa,2026-09-09,0.0037833333333333334
388b87aaa9a303fa9f1f9c8c3d7db298,2026-09-08,6.6478833333333336
3de457ed7d60c38a1469124f71cbfa5d,2026-09-08,2.9852666666666665
a19ec1eac1b5af27e75e41d4af33b832,2026-09-07,0.05435